abl1	1
abl1	2
abl1	3
abl1	4
abl1	5
abl1	6
abl1	7
abl1	8
abl1	9
abl1	10
abl1	11
abl1	12
abl1	13
abl1	14
abl1	15
abl1	16
abl1	17
abl1	18
abl1	19
abl1	20
abl1	21
abl1	22
abl1	23
abl1	24
abl1	25
abl1	26
abl1	27
abl1	28
abl1	29
abl1	30
abl1	31
abl1	32
abl1	33
abl1	34
abl1	35
abl1	36
abl1	37
abl1	38
abl1	39
abl1	40
abl1	41
abl1	42
abl1	43
abl1	44
abl1	45
abl1	46
abl1	47
abl1	48
abl1	49
abl1	50
abl1	51
abl1	52
abl1	53
abl1	54
abl1	55
abl1	56
abl1	57
abl1	58
abl1	59
abl1	60
abl1	61
abl1	62
abl1	63
abl1	64
abl1	65
abl1	66
abl1	67
abl1	68
abl1	69
abl1	70
abl1	71
abl1	72
abl1	73
abl1	74
abl1	75
abl1	76
abl1	77
abl1	78
abl1	79
abl1	80
abl1	81
abl1	82
abl1	83
abl1	84
abl1	85
abl1	86
abl1	87
abl1	88
abl1	89
abl1	90
abl1	91
abl1	92
abl1	93
abl1	94
abl1	95
abl1	96
abl1	97
abl1	98
abl1	99
abl1	100
